id;title
110b3dac-fcd8-45c0-b6ed-84e56cf943ad;tall if average
dbfe0ff6-69ec-4675-9c2c-a22f50727708;upskill on
8ddc9431-7fb0-4d50-918a-80fb1bc499d4;absent
de6d3a44-74df-4186-9738-a432e7bc7cb2;absentmindedly
e068e125-4206-44b1-aab9-c3cec2fedaf9;hidden
b0741c80-b868-4644-9020-bec7d310bc8a;supposing certainly patiently
cc5c3cc0-ffaf-48e8-8f1a-3601b71e6f1d;healthily sadly
ce2afa9b-b4af-4c12-9b4f-c0d46f6e2970;uh-huh misguided
44eaefa1-c5a0-40ff-8950-4a3260132393;likewise
543d5667-3448-4817-9a4b-17c906cc723d;since meh
